Merchant Name,Review Text
www.amazon.com,"Had a few deliveries from Amazon. They deliver when they say they will. Products usually match description and have had no issues with returns. Do find it a bit odd when the delivery says ""handed to resident"" when it has clearly been  just dropped on driveway or left on doorstep. Otherwise 5 stars."
www.amazon.com,Used them for nearly 20 years since my college days when they were just a book store.  Never an issue and they always make it right if there’s an issue.
www.amazon.com,"Amazon are absolutely terrible and full of useless couriers. Three parcels this week have been left on my doorstep despite clear precise instructions been given and notices in my opened Porch not to leave Parcels on the doorstep and every single time they are ignored I have lost 3 Parcels this week absolutely disgusting and will not be using Amazon again. Customer service are no better. They just come up with feeble excuses and say they’re going to make sure it doesn’t happen again, but it happens every single time and I’m sick to death of it. They need to all be retrained."
www.amazon.com,"Impossible to get anbissue sorted with items delivered, long process of talking to chat bots then very unknowlegable staff online extremely unhelpful lately now hardly order from Amazon as such poor customer service"
www.amazon.com,Gutted my profile appeal system doesn't work no response from HR or Erc wasn't set up for success was actively mocked hazed and bullied and never got the support I needed all while my mental health was seen as joke by upper management.
www.amazon.com,"I shop on Amazon regularly. Some items have been great other not quite as advertised, however I have always found Amazon customer service to be helpful & efficient Easy to get to speak to someone. I have no worries of ordering from Amazon as any problems I'm confident will be addressed & resolved quickly."
www.amazon.com,I used to buy multiple things at a time to see what I liked better or what fit best if it be clothing. But my last experience with returning an item was sub par. It’s taking forever to get my refund. So from now on I will only buy one thing at a time
www.amazon.com,"Up until recently deliveries generally arrived on time and where there has been the odd thing that I've sent back it  worked well, I just took it into the local Post Office and off it went.

However if the package doesn't actually arrive it's a nightmare. Amazon said they had handed it to me, that was a lie, they did not and it wasn't anywhere to be seen, at least near my property and no neighbour came round with it.

This is where it gets really bad. Their 'Customer Service', which consists of useless chatbots and even more useless humans (probably based offshore) just give you the run around, they pass you from one to another, they can't sort anything out at all or even tell you anything useful.

If you battle hard enough, like I did, you'll eventually get a refund, but no explanation at all as to what happened to your package nor any offer of compensation for the trouble experienced.

The thing that really hacked me off was that despite telling them the package never arrived they leave the status at Delivered, Handed to Resident, with the obvious implication that you received it, kept it and are lying about it. Thus they impugn you and I am now considering legal action on that point, it's defamatory.

The other issue is that since they never tell you what happened to your order you're not sure whether it might turn up in a few days, or a week which makes it very difficult to re-order one just in case it turns up the day after.

The people at their head office in London aren't much better, hide behind corporate waffle and seem to me that they are covering up with problems they are having with deliveries.

My advice is don't order unless you want to deal with a nightmare if it doesn't arrive."
www.amazon.com,"I order quite a bit from Amazon. Usually on a weekly, anywhere from necessities to nonsense and spur of the moment things.

Recently purchased a 4 person Excursion inflatable boat with cost being over $300 and delivery date for the following day.

Once Amazon received my payment, a few hours elapsed and then I received an email advising that my delivery was now 2 days later than originally told.

This is not the fist time Amazon has proceeded to sort their deliveries this way.

If this the case, why are we paying for Prime? And why is services depleting from the beginning? Shouldn’t it be on the rise, getting even better? 

They millions of employees/vehicles, there’s no excuse.

And if you can’t deliver the following day…it’s OK to say so, just let the consumer know and let them decide if they want that product and delivery time.

Fawnzy"
www.amazon.com,nothing to see here... like amazons after sales services
www.amazon.com,"Amazon - wow parcel first of all placed not even any where near my property 
Photo taken by delivery driver , then parcel was stolen ! 
On Amazon app explained to take to back door as my secure place , this did not happen ! Instead placed in a communal area 

Amazon app poor to try to communicate with 
Shambles 
I will not order from
Amazon again 

Amazon driver doesn’t understand plain instructions 


Avoid"
www.amazon.com,Amazon stole my money. I ordered a pair of shoes online and then decided to cancel but it was too late as the order shipped. I contact the customer service and they told me to just refuse the package at Canada post so I did. It then showed in tracking that customer refused package and is being returned. The order was then marked as canceled. I received an email from Amazon that if I don’t upload my id then they will not be refunding me.
www.amazon.com,"Amazon's service is really bad! They only ship the items after a week and a half, they employ people in customer service who don't provide good service and those people make promises and don't keep them. It's no longer possible to talk to them via chat from Israel, it's not possible to talk to them by phone and they don't even have an email where you can talk to them there. They demand that I return an item I ordered after customer service promised me that I could keep it for myself as compensation and the sellers on Amazon all they care about is money and they don't consider the customers."
www.amazon.com,i went to amazon for weuigth audit iwent totally 10 days .i notice customer were cheating per package weigh was taken .now seller also wanted thescript and i worked der with proper then i came home and search auidt is valid or not i learn from ai the way i audited was fake .ai helped me finding the rules .
www.amazon.com,"20+ years as an Amazon customer. Thousands spent. Never an issue… until now.

In the last year:
	•	A robot lawnmower arrived with a bag of sand in the box
	•	A faulty vacuum returned under manufacturer advice
	•	A £5 item marked as delivered that never arrived

All genuine issues. All outside my control.

Now I’m being warned my account isn’t compliant with their refund policy — with no real explanation, just automated responses.

So let me get this straight…

Items don’t arrive or arrive tampered with, I report it, and somehow I’m the problem?

Loyalty clearly counts for very little.

Disappointing doesn’t quite cover it."
www.amazon.com,Affordable pricing and fast shipping. Not always good fabric but I manage to find clothing for my family for a reasonable price
www.amazon.com,"I was promised a refund by an Amazon agent. When I came back to collect it, I was told the promise was “misinformation” — their word, not mine. I was then passed between. The time, stress, and energy this cost me was completely avoidable. They wasted over an hour of my day, raised my hopes, and then pulled the rug out.
If Amazon’s staff cannot be trusted to keep their word, customers deserve to know that before they waste their time. different agents, each one refusing to honour what their colleague had committed to.
Amazon trained an agent who makes promises they cannot keep,

Also cannot be trusted"
www.amazon.com,"As soon as you write a negative review, uh-oh something went wrong! Drivers cannot follow simple instructions to leave packages in a safe place. Promised next day delivery but 3 days later still not received package. Company is a joke, its a nightmare to even speak with anyone and if tou manage to they do not even follow amazons guideline for reimbursement etc"
www.amazon.com,Affordable and reliable
www.amazon.com,"Got a delivery today the young man who dropped the parcels off could not get away fast enough. When I checked the parcels one felt very light.when I opened the parcel the item was not in the box only a empty watch box. When I contacted Amazon it was agreed that the refund would go back onto my Amazon gift card in 2 to 4 hours so I could order the watch again.been 24 hours and no refund.no watch and no refund .if you order a item you don't expect it to be stolen by the company you order it off and if it is how long do you have to wait for a refund
Will not be ordering any expensive items from Amazon any more."
www.amazon.com,"Won’t deliver on time, delivery dates keep on changing for multiple products..! I don’t even know how this company hasn’t gone bankrupt yet..! When contacted customer service and asked why all the products getting delayed and not honoring their delivery date not even once they speak rude and unprofessional. How can a multi billion dollar company doesn’t even have standards and proper training to their employees about customer service even though when their own company is at wrong..! Never ordering anything again from this piece of crap..! Also going to let my family and friends never order from amazon or use the piece of crap services..!"
www.amazon.com,When writing reviews they will not post or accept if it isn’t really favorable.  Items delayed frequently.  Don’t like third party sellers not always reliable or known until later in the process after check out.
www.amazon.com,"Amazon has made it very difficult for returns. It used to be as simple as getting  a QR code.Now, you have to pay eight dollars for a return or just eat the cost of the product that you bought. Amazon, please make it more clear that the return is difficult beforeI press the buy it now Button. Stop ripping us off and fix this now."
www.amazon.com,Well after numerous parcel delays and incorrect information I have decided not to order any further items. My recent orders should have arrived on the 4/4/26. I was then advised it would be by the 8/4/26 and it is now the 8/4/26. No parcel. It is difficult to get to speak to a person to resolve the issue.
www.amazon.com,"I ordered from Amazon Now for the first time and didn’t get the entire order containing 5 different items. There was no way of contacting the delivery guy and neither did he call me. This was my first and last time ordering from amazon now or Amazon! I filed a complaint in customer care- they replied after 6 days in a very unprofessional threatening mail- ‘We reserve the right to terminate any account at any time’; and said that I continued to violate their return policy!! No resolution was provided in the form of refund or replacement- for an order containing 5 items, worth Rs.400 roughly. Even on repeated complaints, the replies were still vague, unprofessional and no resolution provided either on the call or on mail. (I asked them to cite instances of return policy violation-
To which they replied Oh we haven’t blocked your account. It is still active. And still no resolution to the paymet I made for an order not received). On call- the executives kept forwarding the call to each other and one guy put me on indefinite hold (the line literally got disconnected on its own after 15 mins of holding the call). WORST CUSTOMER SERVICE AND UNPROFESSIONAL BEHAVIOUR. What’s worse, they didn’t even let me post this review on their website citing some problem with the review! They maybe think I don’t use amazon much, but they don’t know how frequently I use amazon (through my sister’s amazon prime account as that remains logged in) and I almost order daily from Blinkit, which would have been replaced by Amazon Now had they responded in a better way. But now neither I nor any family member is going to use Amazon or Amazon prime or Amazon Now. Keep up the WORST work and keep losing customers Amazon!"
www.amazon.com,I shop frequently on Amazon and have Amazon Prime for number of years. More recently their drivers are terrible delivering my items to wrong street and wrong houses even although my house is well sign posted. They leave delivered message on website with picture and clearly shows not my street or house. Very frustrating having to keep reporting same problem over and over due to delivery drivers not paying attention. Same excuses try neighbouring properties. Why should we have to search neighbours and other streets to locate our deliveries ? come on Amazon you need to address the Amazon delivery drivers.
www.amazon.com,Terrible service...there is no Prime service in my area for the last 4 months ...I am told due to warehouse damage ...but just few miles away they get next day delivery but in my time it's 10 days!!! They won't refundnyou for the lack prime service either !I am a valuable customer being screwed over!!!
www.amazon.com,"Amazon.it richiede una verifica digitale online, poiché si avvale di un corriere che, a quanto pare, non consegna un articolo. Si tratta di soli 3,95 €. Lo trovo scandaloso."
www.amazon.com,"Amazon provides a reliable shopping experience with wide product variety, competitive prices, and fast delivery. Easy returns, secure payments, and helpful customer service make it a convenient platform for everyday purchases."
www.amazon.com,"The young woman (Klye) who helped me at Amazon on 5100 Betline  rd , had the absolute worst attitude imaginable—as if she didn't want to be there at all. I just don't get it: if you don't want to be working, why are you even there? Even if you approach her with the best possible attitude, she gives you a look like a bag of vomit; she practically snatches your items from you and tosses them aside. Amazon representatives really need to be more careful about the kind of people they hire."
www.amazon.com,"Amazon is a convenient online shopping that one can rely on, the platform is easy to use, and there’s a wide range of products at competitive prices. Delivery is sometimes fast, and I like the checkouts are fast and smooth"
www.amazon.com,I order quite a lot from amazon it always gets delayed
www.amazon.com,I bought a GoTrax R1 e-bike March 4th of 2024 The display and switch went bad of contacted GoTrax and of contacted Amazon about the display and switch because the display and switch have not been available in approximately 2 years so that renders the bike completely useless I contacted Amazon they said they can't do anything about it because it's been two years but I have tried to contact him about the bike multiple times I've also contacted GoTracks multiple times with no results basically I bought a paperweight for $599 I feel I got to run around long enough to where they won't honor any sort of guarantee basically I got sold a bike that I cannot repair because the display and switch have been sold out forever you can actually check the reviews on the GoTrack site and that's been one of the number one complaints is that the display and switch is always sold out I've contacted a third party company to purchase the display and switch but they get it from GoTrax and I've been on hold and on a waiting list for like 6 months for this display and switch so I contacted Amazon today asking if I could get at least a partial refund or replacement on the bike they refuse said that window of opportunity has passed so by giving me a long run around and not having the part to replace I basically got screwed so buyer beware Gotrax keeps putting out new bikes but don't offer replacement parts that are needed for their previous bikes to run Amazon refuses to refund or replace the bike because the window of opportunity passes this whole thing feels like a huge scam I think that I should be able to get a replacement bike that I can get the replacement parts for or get the replacement part that I've been trying to get for a very long time now this was a very disappointing experience I basically wasted $599 to get a paperweight I suppose I will probably contact FTC the better Business bureau the consumer protection agency and my bank and see if any of them can do anything to help me Amazon shouldn't sell me something that I can't fix or doesn't have replacement parts and then refuse to give me some sort of compensation for my losses it's ridiculous I'm beyond words really.
www.amazon.com,"Amazon has let one of their suppliers make false orders on my account totaling to £750 over night . They did not find this suspicious until this company tried to make a 10th order . Trying to talk to anyone is nearly impossible and when I finally spoke to someone they said it would take 24 hours to look into . When I questioned the time frame on  fraudulent behaviour they hung up on me . I have had to cancel my credit card and pass it on to the fraud squad . No one from Amazon has contacted me , disgraceful"
www.amazon.com,"I have been a loyal Amazon customer for years and purchase not only small ticket items, but large ticket items like gas engines.  It seems that I am returning 10-20% of my purchases because they either don't work, the item is not what was described, etc.    My satisfaction keeps moving downward as time goes on based on the crap that's being sold.   My advice for anyone:  Check your reviews of the sellers!!!!

Yes their return systems are 5 star!!   That's not the point."
www.amazon.com,"For the love of God, why can they not follow the delivery instructions? Every time they leave the package up against the front door in Plain view of the street ,no matter who delivers it Amazon or an independent company .they do not read the delivery instructions, I have a parcel box which I want them to put the package in, but they totally ignore instructions and drop off as quick as they can and disappear ,leaving my package viewable from the street in a high crime area a matter of time before the goods get stolen .And trying to contact Amazon is virtually impossible as they direct you to a foreign land and the people don’t care ,so I shall probably not bother using them in future this has been going on for years every time I complain it just falls on deaf ears."
www.amazon.com,"Why oh why does Amazon allow Market Place sellers to advertise next day delivery when their courier of Choice doesn’t deliver NEXT DAY OR EVEN NEXT WEEK. Amazon BOT just says if not received by x date come back, then you request a refund then Amazon just add more time as they are aware of the reality of the failings of said courier. Trading Standards should investigate the misrepresentation of the advert."
www.amazon.com,"Been ordering off amazon for several years now and spent a lot of money on amazon. Ordered tv bracket to which after 2days realised didn't need it.. started return and got message off amazon saying they have noticed a large amount of returns off my account and they are going monitoring my account and could close my account if this carriers on.. this tv bracket is the 3rd item I have returned,the last was a pair diabetic socks that were miles to small due there mis sizing chart.  Well amazon you list a customer I will no longer order off your childish site again.. going e-bay and temu.lol"
www.amazon.com,"Amazon keeps changing the rules in its favor. I have Prime for years now. Why I don't know anymore if its worth it. They charge me every month not to see commercials. Next thing I know, I'm seeing TV commercials for more things I'm watching. And then they upped the charges.  I also have an Alexa Echo.  It used to let me play what music I wanted. Now it wants me to pay to upgrade for what I had for free. So greedy is Amazon. Then they upgraded Alexa for Echo, which I didn't want. Alexa says it can't give me all the old functions I had originally because of the upgrade. I said, "" Go back to my old Alexa, it says it can't.  So now I've turned it off for good. I'm happy now!  Maybe next I cancel Prime too! The movies keep getting lower in quality. Maybe Alexa is now writing movie scripts for them? Something is terribly wrong with this company. The novelty of it is wearing thin."
www.amazon.com,"My view of Amazon is mixed. Convenient, secure, easy searches. However, Amazon will not accept honest reviews of some products. For example, I reviewed Deal Supplements, which misleads consumers by listing “per serving” weights, but pricing “per capsule”. By doing this, it looks like the price is half of what it actually is. Amazon rejected my review as “against community guidelines”! Fraudulent advertising is fine with Amazon. Telling the truth about it is not acceptable. Amazon thus protects false advertising."
www.amazon.com,"In mid-February I purchased a DeLonghi Magnifica Next coffee machine from Amazon.  My trustworthy Nespresso coffee machines were both  on the blink and it was time to invest in a new machine.  My husband seemed to be favouring a bean to cup and although sceptical from my past experience I decided to go along with it.  At a cost of £500 my expectations were high.  The benefits were all there 

Automatic grinding 
High on my list was the integrated Crème latte/cappuccino frothing system,
A great variety of coffee options at the touch  of the screen,
The ability to save your personal favourites,
Automatically filtered water, and
Reminders to carry out maintenance, refill water canister and empty coffee grounds.
 
All in one compact, space saving machine.

and, most importantly, Backed up by Amazon.  What could possibly go wrong.  Obviously no-one wants to buy a product and then find out it is faulty.

Being able to produce a coffee to visitors personal tastes whilst at the same time producing coffee to our individual requirements, a bonus.

My machine was delivered efficiently and as it seemed, in good working order, to my excitement,  and I was anxious to experiment the different coffee options.

However, as with most things these days, there was no user manual.

Looking forward to my cappuccino I set the machine  and pressed the screen setting.  The result - total disappointment.  My instant reaction was that I had obviously made an error but not to worry I will continue to practice.

After a few weeks I came to the decision that  I was maybe doing something wrong and I would just keep practicing until I eventually got it right.  In the meantime I decided to top it up with my Nespresso milk frother.  Eventually I consulted my neighbour who had recommended it, only to be told she had sent her machine back because the frother wasn’t  working!  Alarm bells started ringing - I contacted Amazon as they had sold me the machine!  My machine is approximately 5/6 weeks old.

I contacted Amazon chat to ask about returning it as it was not fit for purpose.  Explained problem to agent and explained could not carry to Royal Mail having arthritis in my hands.  The agent transferred me to a second agent to arrange “pick up“.  

At this  point the chat started to  deteriorate.   In all I was transferred  automatically and without any explanation whatever to 8 different agents, having to repeat myself and hold on until they checked or consulted someone else,  each one giving me differing information,   eventually ok being told I had to take it to Royal  Mail myself and I had to return it to the manufacturer  for “REPAIR”.  Really?!!  I   explained  each time it was sold not fit for purpose and I could not carry it and each time I tripped through to a different agent.  Amazon were not prepared to take any responsibility for product being sold by them not fit for purpose.  If I had purchased elsewhere and not fit for purpose,  it would have been exchanged.  I told them  my contract of purchase was with them and not the manufacturer.  They continued to insist the return period had been exceeded.  Eventually, the last agent cut me off!  Fantastic customer service. 

 I have always had good service in the past and the customer service assistants have always been very helpful and considerate until now.  The first assistant was really helpful and when I explained she said she would pass me through to someone who would arrange collection.    Of course that didn’t happen
.
 I then, in total exasperation, returned to my original order to check the detail, only to find that the information  for return seemed to have been  changed whilst I was on chat to show alternative as a repair.  Apparently, even though product was delivered faulty Amazon will not take any responsibility as it is out of their return period and the only alternative  is the repair o f a brand new just under £500 (expensive) coffee machine.  I was appalled.  Even more so when my neighbour told me how much trouble she had had trying to get the manufacturer to repair hers and that she had had exactly the same problem
 -frother not working.

 I use Amazon a lot for my purchases, and have done for some years, paying for prime delivery for obvious reasons.    However, I will certainly think twice about buying any  more expensive items in the future.  

My advice to Amazon, train your staff to give correct and consistent advice to customers,  whilst not passing them around from pillow to post,  having to repeat the same information over and over again when it’s already there to read. Nor should they  cut customers off - really bad customer service.

  As no manual is provided and the machine was delivered faulty I believe Amazon was under obligation to exchange it.  Who is to say that this is not a product which was returned by another customer as has happened in the past."
www.amazon.com,"Had 2 orders 1 was same day and the 2nd next day. They botched both! The next day was the most expensive one a couple hundred dollars and they just kept lying about where its at and when it'll deliver! Next day turned to 2 day then 3, when im like cancel the item since its not even been scanned in to be delivered but yet it says its in the same city I live in for 3 days now. Customer service reps lied to keep me on the hook and the goofball sent a email blantly lying!!!  This is why I quit dealing with amazon but they had 2 things I wanted faster than target or Walmart could get it to me and low and behold would have still gotten both items before amazon even shipped it..."
www.amazon.com,"Amazon has one of the most absurd and frustrating account systems I have ever experienced. For years, every time I try to sign in, I see the same message: “Your account is temporarily blocked.” Years. And the most ridiculous part is that there is apparently no real way to solve it.

If you try to contact customer support, they ask you to log in first — into the very account that is blocked. That is not just inconvenient, it is completely illogical. A company of this size should be able to build a basic recovery and support process that actually works.

Being locked out for such a long time without any practical way to reach support is unacceptable. It feels like customers are being pushed into a dead end with no explanation, no assistance, and no accountability.

For a company that presents itself as customer-focused, this is a complete failure."
www.amazon.com,Do not order from amazon  there take money out  bank with out you nothing   there took 137  pounds  out my bank  rang my bank I get to full in form I will get money  back
www.amazon.com,Need companies with ai and easy to understand. Don't have experience at all
www.amazon.com,"Used to be good but not anymore. They email you and say an item has been dispatched when it's  actually out of stock. Lies. They email and tell you Evri tried to deliver the item that they haven't dispatched cos out of stock ! Lies.

Thats FRAUD in anyone's book. Cancelled all my memberships, no longer dealing with a business that operates that way 🤬"
www.amazon.com,"I just got off the phone with Amazon, for the third time, concerning log-in issues. First time, I was told that I couldn't update my phone number on the account even though I knew all the log-in information. Second time, I was told that since I couldn't log-in that they would send me a check for $XX.XX for the gift cards that were on my account - I had won several gifts through Slot Temple. Never received a check. Third call, I was hung up on. Called back and was informed that since my account hadn't been used in over a year that it was marked ""dormant"", which basically means closed. So I'm not getting my money that I had in gift cards. Why would such a big company like Amazon close someone's account just because they hadn't placed an order. I feel that Amazon should reconsider that. I had been disabled and was waiting on social security disability. What a way for a company to treat the disabled. I would give them ""-"" stars for that type of treatment. 
AMAZON DISCRIMINATES LOW-INCOME AND DISABLED PEOPLE. SHAME ON YOU AMAZON!"
www.amazon.com,"Had a few deliveries from Amazon. They deliver when they say they will. Products usually match description and have had no issues with returns. Do find it a bit odd when the delivery says ""handed to resident"" when it has clearly been  just dropped on driveway or left on doorstep. Otherwise 5 stars."
www.amazon.com,"Amazon are absolutely terrible and full of useless couriers. Three parcels this week have been left on my doorstep despite clear precise instructions been given and notices in my opened Porch not to leave Parcels on the doorstep and every single time they are ignored I have lost 3 Parcels this week absolutely disgusting and will not be using Amazon again. Customer service are no better. They just come up with feeble excuses and say they’re going to make sure it doesn’t happen again, but it happens every single time and I’m sick to death of it. They need to all be retrained."
www.amazon.com,Easy to use and reliable very simple too let's just say the best
www.amazon.com,"Dear Sir/Madam,



I write to you in a formal capacity to seek clear and unequivocal clarification regarding the operational data practices of your Alexa-enabled devices, specifically in relation to the collection, storage, and potential monitoring of in-home audio.



As a provider of consumer technology marketed explicitly for use within private domestic environments, Amazon bears a heightened duty of care and transparency to its customers. Devices such as Alexa are positioned not merely as optional gadgets, but as integrated household systems—frequently operating in close proximity to families, including vulnerable individuals. As such, any ambiguity surrounding their data capture capabilities raises serious concerns.



Accordingly, I require precise answers to the following:



Whether Alexa-enabled devices are continuously listening to ambient conversations, irrespective of wake-word activation.
What technical safeguards are in place to ensure that only intended voice interactions are processed or recorded.
Whether any audio data is stored, reviewed, or accessed by Amazon personnel or third parties, and under what legal or operational framework.
The duration for which any such data is retained and the mechanisms available to consumers for its deletion.
Whether any data collected is used for purposes beyond direct service provision, including but not limited to profiling, targeted advertising, or machine learning training.




I would also remind you that under applicable UK data protection legislation, including the UK GDPR and the Data Protection Act 2018, customers are entitled to full transparency regarding how their personal data—particularly sensitive in-home audio—is processed. Any failure to adequately disclose such practices may constitute a breach of these statutory obligations.



Given the seriousness of this matter, I expect a detailed and comprehensive response within 14 days of receipt of this correspondence. Should your response fail to sufficiently address these concerns, I reserve the right to escalate this matter to the Information Commissioner’s Office (ICO) and to seek independent legal advice.



This is not a speculative enquiry but a legitimate request grounded in consumer rights, privacy expectations, and regulatory compliance. I trust Amazon will treat it with the seriousness it warrants.



Yours faithfully,"
www.amazon.com,"Increasingly bad service, lost orders, unreliable tracking, and sub par customer service...The 'chat' option takes you to some 3rd world country with no understanding of what they are doing, no option to speak to management or complaint resolution......"
www.amazon.com,Gutted my profile appeal system doesn't work no response from HR or Erc wasn't set up for success was actively mocked hazed and bullied and never got the support I needed all while my mental health was seen as joke by upper management.
www.amazon.com,"I shop on Amazon regularly. Some items have been great other not quite as advertised, however I have always found Amazon customer service to be helpful & efficient Easy to get to speak to someone. I have no worries of ordering from Amazon as any problems I'm confident will be addressed & resolved quickly."
www.amazon.com,I have been a Amazon customer for a long time. I do not know what is going on with Customer Service it  is awful. I cancelled my subscriptions not worth the aggravation.
www.amazon.com,"I order quite a bit from Amazon. Usually on a weekly, anywhere from necessities to nonsense and spur of the moment things.

Recently purchased a 4 person Excursion inflatable boat with cost being over $300 and delivery date for the following day.

Once Amazon received my payment, a few hours elapsed and then I received an email advising that my delivery was now 2 days later than originally told.

This is not the fist time Amazon has proceeded to sort their deliveries this way.

If this the case, why are we paying for Prime? And why is services depleting from the beginning? Shouldn’t it be on the rise, getting even better? 

They millions of employees/vehicles, there’s no excuse.

And if you can’t deliver the following day…it’s OK to say so, just let the consumer know and let them decide if they want that product and delivery time.

Fawnzy"
www.amazon.com,nothing to see here... like amazons after sales services
www.amazon.com,Amazon stole my money. I ordered a pair of shoes online and then decided to cancel but it was too late as the order shipped. I contact the customer service and they told me to just refuse the package at Canada post so I did. It then showed in tracking that customer refused package and is being returned. The order was then marked as canceled. I received an email from Amazon that if I don’t upload my id then they will not be refunding me.
www.amazon.com,"Amazon's service is really bad! They only ship the items after a week and a half, they employ people in customer service who don't provide good service and those people make promises and don't keep them. It's no longer possible to talk to them via chat from Israel, it's not possible to talk to them by phone and they don't even have an email where you can talk to them there. They demand that I return an item I ordered after customer service promised me that I could keep it for myself as compensation and the sellers on Amazon all they care about is money and they don't consider the customers."
www.amazon.com,"Unfortunately, I would not even give Amazon 1 star after the recent experience I have had. 

I’m a loyal Amazon customer, and frequently order for the website. In October 2025, I purchased a car radio for my Fiat 500. Once received, I installed this into my car. However, after 1 day of use the radio was faulty and overall, it was poor quality. As a result, I returned this unwanted item within the required timeframe and was refunded £119.99. 

In December 2025, I was shocked to see the charge of £119.99 withdraw from my bank again. I contacted customer service multiple times to request a refund. At first, I was told
no return was received as “I did not send the radio back” I have to pay the full amount. 

After exhausting the use of their customer service, I had no choice but to contact my credit card provider for help, as there was no way I would pay for an item I do not have and returned. I submitted all evidence of my return, pictures of the radio received when it was installed in my car and when it was removed and packaged. I don’t know how I could have made this any clearer.

Amazon responded to this dispute, now claiming a return was received, but not the correct item. If the wrong item was returned, then the wrong radio was sent from Amazon in the first place - to which they are denying this fact. 


It has been 6 months and Amazon are standing by their opinion that I should be charged for this item. It is absolutely shocking that a customer is being charged for a returned item. My family and I would have spent more than this on Amazon within that time frame, however we are cancelling all subscriptions and never buying from Amazon again. 

So disappointed in this service."
www.amazon.com,"20+ years as an Amazon customer. Thousands spent. Never an issue… until now.

In the last year:
	•	A robot lawnmower arrived with a bag of sand in the box
	•	A faulty vacuum returned under manufacturer advice
	•	A £5 item marked as delivered that never arrived

All genuine issues. All outside my control.

Now I’m being warned my account isn’t compliant with their refund policy — with no real explanation, just automated responses.

So let me get this straight…

Items don’t arrive or arrive tampered with, I report it, and somehow I’m the problem?

Loyalty clearly counts for very little.

Disappointing doesn’t quite cover it."
www.amazon.com,"Amazon is always my go-to for whatever I need to find quickly and safely. I love the ease of the site, the personalized recommendations, and suggestions for other items I may like. The speed of delivery is also amazing, as their shipping is usually faster than what is quoted on the site."
www.amazon.com,"I order gate though Amazon from this seller on 28/3/26 and was told originally I would get it by 9-10 April. However on the 10/4/26 when I messaged Amazon (because it was getting late and I had heard nothing about this order been dispatched). I was told the order was on its way and it would be recieved by me that night. Never happened, I was then messaged by the seller 8.30 pm that night. To say I would get the gate the following week and offering me 10% compensation (price pd 79.99) for my trouble. I said ok aslong as we got the item by 17/4/26  or I would ask for 50% compensation. Today i was told by the seller there had high demand and that I would need to wat another week for the gate. The proimsed 10% goodwill payment for promising to wait the extra week last week, still hasnt been paid to me, and I have no cancelledthe order for a full refun. My advice dont use this seller as they cant meet demand for the gate."
www.amazon.com,Terrible company. Doesn’t reward loyalty of customers. Invite system doesn’t work here
www.amazon.com,"I was promised a refund by an Amazon agent. When I came back to collect it, I was told the promise was “misinformation” — their word, not mine. I was then passed between. The time, stress, and energy this cost me was completely avoidable. They wasted over an hour of my day, raised my hopes, and then pulled the rug out.
If Amazon’s staff cannot be trusted to keep their word, customers deserve to know that before they waste their time. different agents, each one refusing to honour what their colleague had committed to.
Amazon trained an agent who makes promises they cannot keep,

Also cannot be trusted"
www.amazon.com,"As soon as you write a negative review, uh-oh something went wrong! Drivers cannot follow simple instructions to leave packages in a safe place. Promised next day delivery but 3 days later still not received package. Company is a joke, its a nightmare to even speak with anyone and if tou manage to they do not even follow amazons guideline for reimbursement etc"
www.amazon.com,"I ordered a computer from Amazon and had to return it because it was defective. The refund was applied to a “gift card balance “ but I paid with my credit card. I have spent a month trying different ways to get my money back. But with no success. So I am being charged interest on my credit card when I have a credit balance on my account. This is surely illegal???
I even tried closing the account but was told there is no gift card balance would just remain. I am 80 years old on fixed income and am being ripped off by Amazon."
www.amazon.com,"Won’t deliver on time, delivery dates keep on changing for multiple products..! I don’t even know how this company hasn’t gone bankrupt yet..! When contacted customer service and asked why all the products getting delayed and not honoring their delivery date not even once they speak rude and unprofessional. How can a multi billion dollar company doesn’t even have standards and proper training to their employees about customer service even though when their own company is at wrong..! Never ordering anything again from this piece of crap..! Also going to let my family and friends never order from amazon or use the piece of crap services..!"
www.amazon.com,"Amazon has made it very difficult for returns. It used to be as simple as getting  a QR code.Now, you have to pay eight dollars for a return or just eat the cost of the product that you bought. Amazon, please make it more clear that the return is difficult beforeI press the buy it now Button. Stop ripping us off and fix this now."
www.amazon.com,"I have been a loyal Amazon customer and shareholder for many years. The customer service was always exceptional and Amazon would go out of their way to help you with any issues. But since Jeff left the customer service at Amazon has gone downhill massively. It is not a small change but a big change in the ethos of how Amazon now seems to be run. One big issue I had with an iPhone fault I was advised that Amazon would repair it and if they could not repair it they would refund or replace (I have bought many iPhones with Amazon but this one clearly had a manufacturing defect which appeared a few months after use). Two weeks later I have been told by Executive Customer Relations they will not repair it! The CEO office always used to be super helpful when things went wrong but are now unhelpful and just want to fob you off. In the past an issue like this simply would not happen and any customer representative would be empowered to put it right. But now it seems Amazon do not stand by their word or even their ""customer centric"" approach any more. I will likely sell my Amazon shares as I cannot own a part of a business that is run so poorly and could not care less about how they treat their customers. And my consumer spending will go elsewhere; so this one bad experience will likely cost Amazon probably thousands and thousands of dollars over the course of my anticipated lifetime spend. Jeff had it right and that is why Amazon became so successful. Amazon is not what it used to be."
www.amazon.com,Well after numerous parcel delays and incorrect information I have decided not to order any further items. My recent orders should have arrived on the 4/4/26. I was then advised it would be by the 8/4/26 and it is now the 8/4/26. No parcel. It is difficult to get to speak to a person to resolve the issue.
www.amazon.com,An Amazon worker came into my house and asked if he could eat me. Of course i said yes but then he also ate my sister which was unacceptable. Im missing a leg and a toe on my left foot and my sister died. VERY UNECCEPTABLEEEEEEEE!!!😭
www.amazon.com,Be warned! Regularly check Amazon does not charged you for subscriptions you have not signed up to! I have just been charged £4.99 for Amazon kids. I have been told I will be refunded. I asked why this happened in the first place. No explanation!  If they do this to lots of customers they will be making a decent profit!!
www.amazon.com,"I ordered from Amazon Now for the first time and didn’t get the entire order containing 5 different items. There was no way of contacting the delivery guy and neither did he call me. This was my first and last time ordering from amazon now or Amazon! I filed a complaint in customer care- they replied after 6 days in a very unprofessional threatening mail- ‘We reserve the right to terminate any account at any time’; and said that I continued to violate their return policy!! No resolution was provided in the form of refund or replacement- for an order containing 5 items, worth Rs.400 roughly. Even on repeated complaints, the replies were still vague, unprofessional and no resolution provided either on the call or on mail. (I asked them to cite instances of return policy violation-
To which they replied Oh we haven’t blocked your account. It is still active. And still no resolution to the paymet I made for an order not received). On call- the executives kept forwarding the call to each other and one guy put me on indefinite hold (the line literally got disconnected on its own after 15 mins of holding the call). WORST CUSTOMER SERVICE AND UNPROFESSIONAL BEHAVIOUR. What’s worse, they didn’t even let me post this review on their website citing some problem with the review! They maybe think I don’t use amazon much, but they don’t know how frequently I use amazon (through my sister’s amazon prime account as that remains logged in) and I almost order daily from Blinkit, which would have been replaced by Amazon Now had they responded in a better way. But now neither I nor any family member is going to use Amazon or Amazon prime or Amazon Now. Keep up the WORST work and keep losing customers Amazon!"
www.amazon.com,I shop frequently on Amazon and have Amazon Prime for number of years. More recently their drivers are terrible delivering my items to wrong street and wrong houses even although my house is well sign posted. They leave delivered message on website with picture and clearly shows not my street or house. Very frustrating having to keep reporting same problem over and over due to delivery drivers not paying attention. Same excuses try neighbouring properties. Why should we have to search neighbours and other streets to locate our deliveries ? come on Amazon you need to address the Amazon delivery drivers.
www.amazon.com,"Amazon.it richiede una verifica digitale online, poiché si avvale di un corriere che, a quanto pare, non consegna un articolo. Si tratta di soli 3,95 €. Lo trovo scandaloso."
www.amazon.com,"I've purchased a lot from Amazon over the years but it seems they are getting worse and worse. Rarely do they deliver timely now and forget about cancelling an order. Even if you try to cancel a second after your order. This time I cancelled within a few hrs of ordering, it was still in order phase. Then more than 24 hrs later they ship stating it could not be cancelled even though they were the seller. I call that a scam."
www.amazon.com,"The young woman (Klye) who helped me at Amazon on 5100 Betline  rd , had the absolute worst attitude imaginable—as if she didn't want to be there at all. I just don't get it: if you don't want to be working, why are you even there? Even if you approach her with the best possible attitude, she gives you a look like a bag of vomit; she practically snatches your items from you and tosses them aside. Amazon representatives really need to be more careful about the kind of people they hire."
www.amazon.com,"ZXHQ 2026 Diary A5 Page a Day, Jan-Dec.

Regrettably, I find myself with a life fuller than I'd ever imagined—though not in the way we dream about. My calendar tells a story I never wanted to write, filled with medical appointments and clinical trials for cancer treatments that consume my days.

You see, a diary demands what I can no longer easily give. It requires two hands when one is often occupied by my phone, and even a simple spiral-bound book has become a challenge I'd rather avoid. Stomach cancer brings its own unwelcome schedule of frequent bathroom visits, and inevitably, someone will call right when I'm least prepared to answer.

My germaphobic son certainly won't be offering assistance, in the bathroom! I crave whatever privacy remains as my health continues its unfortunate decline. As much as I love the idea of a proper diary—that nostalgic companion of generations past—the simple act of turning pages and writing has become surprisingly difficult with hands that no longer cooperate as they once did.

What I actually need is modest: just the date, time, location, and a few brief notes. My medical team knows what they're doing; detailed records aren't necessary when professionals are guiding my care. A wall calendar serves my purpose far better than an elaborate diary with all those extras—day-per-page layouts, religious information, expense trackers, habit monitors, inspirational quotes, maps, and time zones. They're lovely touches, truly, but excessive for what I require.

Yes, a portable diary would be wonderful in the hospital where medical staff could add their own notes, but the thought of losing it and needing a duplicate troubles me deeply. 

So I hope to gift this beautiful diary to someone who will treasure it as it deserves. Word travels quickly about such wonderful presents, especially when they arrive with a matching pen—sea green with sea green, purple with purple. A spiral-bound option would have been ideal, but what I really covet is a dictaphone.

For now, I lumber back from my throne to the coffee table whenever the phone rings, the zimmer frame clanking loudly, hoping it's not another nuisance caller. Anyone who's survived this particular journey uses far different describing words for that awkward shuffle than I can print here."
www.amazon.com,"For the love of God, why can they not follow the delivery instructions? Every time they leave the package up against the front door in Plain view of the street ,no matter who delivers it Amazon or an independent company .they do not read the delivery instructions, I have a parcel box which I want them to put the package in, but they totally ignore instructions and drop off as quick as they can and disappear ,leaving my package viewable from the street in a high crime area a matter of time before the goods get stolen .And trying to contact Amazon is virtually impossible as they direct you to a foreign land and the people don’t care ,so I shall probably not bother using them in future this has been going on for years every time I complain it just falls on deaf ears."
www.amazon.com,"I have been a loyal Amazon customer for years and purchase not only small ticket items, but large ticket items like gas engines.  It seems that I am returning 10-20% of my purchases because they either don't work, the item is not what was described, etc.    My satisfaction keeps moving downward as time goes on based on the crap that's being sold.   My advice for anyone:  Check your reviews of the sellers!!!!

Yes their return systems are 5 star!!   That's not the point."
www.amazon.com,"Why oh why does Amazon allow Market Place sellers to advertise next day delivery when their courier of Choice doesn’t deliver NEXT DAY OR EVEN NEXT WEEK. Amazon BOT just says if not received by x date come back, then you request a refund then Amazon just add more time as they are aware of the reality of the failings of said courier. Trading Standards should investigate the misrepresentation of the advert."
www.amazon.com,"Been ordering off amazon for several years now and spent a lot of money on amazon. Ordered tv bracket to which after 2days realised didn't need it.. started return and got message off amazon saying they have noticed a large amount of returns off my account and they are going monitoring my account and could close my account if this carriers on.. this tv bracket is the 3rd item I have returned,the last was a pair diabetic socks that were miles to small due there mis sizing chart.  Well amazon you list a customer I will no longer order off your childish site again.. going e-bay and temu.lol"
www.amazon.com,The fabric is very thin than i expected for the price. The shipping took about 9 days !!
www.amazon.com,"I am a disabled home bound Senior and I do a majority of my shopping (even groceries) through Amazon. 
I have prime and have for 3-4 years . This last year I have had several delivery issues because they literally didn't READ the INSTRUCTIONS! 
I am still waiting on follow up and delivery of an order that the driver told me was damaged and HAD to be sent back to sender. This is much needed food and items and they won't give me a new delivery date...."
www.amazon.com,"My view of Amazon is mixed. Convenient, secure, easy searches. However, Amazon will not accept honest reviews of some products. For example, I reviewed Deal Supplements, which misleads consumers by listing “per serving” weights, but pricing “per capsule”. By doing this, it looks like the price is half of what it actually is. Amazon rejected my review as “against community guidelines”! Fraudulent advertising is fine with Amazon. Telling the truth about it is not acceptable. Amazon thus protects false advertising."
www.amazon.com,"In mid-February I purchased a DeLonghi Magnifica Next coffee machine from Amazon.  My trustworthy Nespresso coffee machines were both  on the blink and it was time to invest in a new machine.  My husband seemed to be favouring a bean to cup and although sceptical from my past experience I decided to go along with it.  At a cost of £500 my expectations were high.  The benefits were all there 

Automatic grinding 
High on my list was the integrated Crème latte/cappuccino frothing system,
A great variety of coffee options at the touch  of the screen,
The ability to save your personal favourites,
Automatically filtered water, and
Reminders to carry out maintenance, refill water canister and empty coffee grounds.
 
All in one compact, space saving machine.

and, most importantly, Backed up by Amazon.  What could possibly go wrong.  Obviously no-one wants to buy a product and then find out it is faulty.

Being able to produce a coffee to visitors personal tastes whilst at the same time producing coffee to our individual requirements, a bonus.

My machine was delivered efficiently and as it seemed, in good working order, to my excitement,  and I was anxious to experiment the different coffee options.

However, as with most things these days, there was no user manual.

Looking forward to my cappuccino I set the machine  and pressed the screen setting.  The result - total disappointment.  My instant reaction was that I had obviously made an error but not to worry I will continue to practice.

After a few weeks I came to the decision that  I was maybe doing something wrong and I would just keep practicing until I eventually got it right.  In the meantime I decided to top it up with my Nespresso milk frother.  Eventually I consulted my neighbour who had recommended it, only to be told she had sent her machine back because the frother wasn’t  working!  Alarm bells started ringing - I contacted Amazon as they had sold me the machine!  My machine is approximately 5/6 weeks old.

I contacted Amazon chat to ask about returning it as it was not fit for purpose.  Explained problem to agent and explained could not carry to Royal Mail having arthritis in my hands.  The agent transferred me to a second agent to arrange “pick up“.  

At this  point the chat started to  deteriorate.   In all I was transferred  automatically and without any explanation whatever to 8 different agents, having to repeat myself and hold on until they checked or consulted someone else,  each one giving me differing information,   eventually ok being told I had to take it to Royal  Mail myself and I had to return it to the manufacturer  for “REPAIR”.  Really?!!  I   explained  each time it was sold not fit for purpose and I could not carry it and each time I tripped through to a different agent.  Amazon were not prepared to take any responsibility for product being sold by them not fit for purpose.  If I had purchased elsewhere and not fit for purpose,  it would have been exchanged.  I told them  my contract of purchase was with them and not the manufacturer.  They continued to insist the return period had been exceeded.  Eventually, the last agent cut me off!  Fantastic customer service. 

 I have always had good service in the past and the customer service assistants have always been very helpful and considerate until now.  The first assistant was really helpful and when I explained she said she would pass me through to someone who would arrange collection.    Of course that didn’t happen
.
 I then, in total exasperation, returned to my original order to check the detail, only to find that the information  for return seemed to have been  changed whilst I was on chat to show alternative as a repair.  Apparently, even though product was delivered faulty Amazon will not take any responsibility as it is out of their return period and the only alternative  is the repair o f a brand new just under £500 (expensive) coffee machine.  I was appalled.  Even more so when my neighbour told me how much trouble she had had trying to get the manufacturer to repair hers and that she had had exactly the same problem
 -frother not working.

 I use Amazon a lot for my purchases, and have done for some years, paying for prime delivery for obvious reasons.    However, I will certainly think twice about buying any  more expensive items in the future.  

My advice to Amazon, train your staff to give correct and consistent advice to customers,  whilst not passing them around from pillow to post,  having to repeat the same information over and over again when it’s already there to read. Nor should they  cut customers off - really bad customer service.

  As no manual is provided and the machine was delivered faulty I believe Amazon was under obligation to exchange it.  Who is to say that this is not a product which was returned by another customer as has happened in the past."
www.shein.com,"What is wrong with you SHEIN? I ordered a simple pair of Jeans, I paid online, I paid online  and you already received the amount on your account as it was debited on mine!! WHY DO YOU ASK FOR A CONFIRMATION AND A PRINT-SCREEN OF MY BANK ACCOUNT WITH THE TRANSACTION?? For privacy reasons I will NOT DO THAT!! Please refund and stop sending me daily emails."
www.shein.com,"STOLEN ARTWORK!!
This design (Nashoba Tvshka - Wolf Warrior) is copyrighted. I find it disappointing that SHEIN would stoop to STEALING someone's artwork. This product was designed by the executive director of Intheshadowofthewolf and is sold through our parent company on Amazon.  Furthermore 100% of profits from all Intheshadowofthewolf items are donated directly to environmental and animal protection organizations.
Nashoba Tvshka (Wolf Warrior) T-Shirt | SHEIN USA 
How abhorrent! Shame on Shein."
www.shein.com,"I had an extremely disappointing and frustrating experience with SHEIN that I feel compelled to share.

I placed an order on march 15 for essential pregnancy items, expecting delivery within the stated timeframe (April 7–12). However, from the beginning, the process was filled with delays, lack of transparency, and unprofessional customer service.

The tracking showed minimal updates, and when I contacted support multiple times, I received completely contradictory information. Some agents told me the package had already arrived in Lebanon, while the shipping company iMile confirmed it was still in China. Later, I was told it had shipped, then again something different. There was clearly no consistency or access to accurate logistics data.

Despite explaining that this order was urgent due to my wife’s due date, the responses I received were generic, dismissive, and at times rude. Instead of taking responsibility, I was even told to contact the shipping company myself to cancel the order—something that is clearly not the customer’s responsibility when ordering through SHEIN.

After pushing repeatedly, I was informed that the shipment would be intercepted and refunded only after return, adding even more delay and uncertainty. Meanwhile, tracking eventually showed customs clearance activity (even inconsistently referencing Riyadh), but since April 8 there have been no updates at all.

At this point (April 17), the package is effectively untraceable, customer service remains unhelpful, and I have completely lost confidence in both the delivery process and the support system.

Key issues:
	•	No tracking updates for long periods
	•	Conflicting and inaccurate information from support agents
	•	Lack of accountability
	•	No urgency handling despite clear time-sensitive needs
	•	Poor communication and unprofessional responses

This experience has been stressful and unacceptable, especially given the importance of the items ordered. I would strongly caution others in Lebanon (or similar regions) against relying on SHEIN for time-sensitive purchases.

I expected basic reliability and transparency, but unfortunately received neither."
www.shein.com,"I spent nearly $300 CAD on 10 outfits from Shein and was soooo dissapoi ted in the quality. Only 2 items fit normally and made with wearable material. The rest were shaped weird, and made of itchy non breathable material that just feels gross on the skin. 
They only refunded $76.00 after I shipped all but 2 items back. 

Ill never shop Shein again and strongly caution others to stay away from this low quality fast fashion garbage."
www.shein.com,"Don't order from there they suck, you never get your stuff you ordered ,I been waiting a min. on my order, it says it's been delivered, never got it ,I watch for it everyday, went for refund, only got part of it, cause I had to pay shipping because it lower my total for free shipping after a month waiting I been waiting so long I'm taking my lose but will never order from them again and hope people watch their money cause Shein will take it,"
www.shein.com,"The outfits were of poor quality, I'll never never recommend anyone to buy from Shein. They also make it difficulty for a dissatisfied  customer to return merchandise.
In fact Shein does not deserve a star, this was my first purchase with the Co. I am having hard time to try and return their merchandise,I placed 1 order, but they sent 2 orders. They have a chat panel but it's blocked one cannot type anything"
www.shein.com,"Shein sells ""golden grain coffee collective"" products. Golden grain coffee collective sells astaxanthan, twelve milligram soft gels that are fake. Astaxanthin is a deep red color when light shines through the capsule, but these soft gels are light gray. Definitely fake."
www.shein.com,"If you need to return something never you receave your money completely back.Always they find something to not refund you correct.3 times I have burn it with this site.If you are sur of what you order ok but if you need to return something it's start the problems.Always I pay for thing that I have not keeped.


After this avis they contact me and maked the correction.Happy for that but sad that we must arrive to do the thinks like this to have a positive answer for them."
www.shein.com,I wasted 50 minutes this morning trying to get an address to return 3 items that did not fit I got a robot on line then someone on the phone who couldn’t speak English. They tried to charge me $38 to get a customer service person online. I told them to cancel that charge hopefully they did. I have been a loyal customer for more then 4 years they have now lost my business and I will inform my friends who in the past I have recommended SHEIN to about the lack of service on returns. They will be losing a great deal of customers.
www.shein.com,Rien a redire c’est top
www.shein.com,"I am writing this from Greece to expose SHEIN's unacceptable practices. I placed my order on April 2nd, and today is April 15th. It has been 13 days and I still haven't received my money back or a solution.

The issue started because SHEIN’s system allowed me to select Box Now Greece for an oversized item (a doll). Box Now does not have lockers large enough for this product, a fact that SHEIN should have blocked in their system. The parcel was rejected and returned to SHEIN through no fault of mine.

I paid €54, and now they are effectively forcing me to re-order the item, which has increased in price to €66! They refuse to refund my €54 and they refuse to provide a €16 voucher to cover the price difference caused by THEIR technical error.

I have been mocked with '3-5 days' automated excuses for over a week. This is my final notice:

I demand an immediate refund of my €54.

I demand a compensation voucher for the price difference.
ORDER ID : GSO1X621M00N060
I have already initiated a chargeback with National Bank of Greece (NBG) and I am reporting this to the European Consumer Centre. My TikTok video exposing this scam is already being shared. FIX THIS NOW OR FACE THE LEGAL CONSEQUENCES."
www.shein.com,"I made a purchase C26030400616801, but the order never arrived. The delivery company (Colis Privé) has already sent me an email saying they couldn't locate the order. Shein has been stringing me along for almost a month now, trying to get away with it.
Shein has the evidences but refuse to give my money back. I will not stop here"
www.shein.com,"I recently shopped on Shein and had a surprisingly good experience. The website is easy to navigate, and I found a wide range of trendy clothes at very affordable prices. I was able to pick out a few outfits without spending too much, which is a big plus.
Shipping took a bit of time, but my order arrived within the estimated delivery period."
www.shein.com,I love this app because it's got affordable things for all types of your life or for people who don't have much money plus you can earn a points that takes money off of your purchase I'm pleased with all the items that I have ordered customer service is good easy returns I suggest you took the side out
www.shein.com,"Sending the wrong color of an item; and now I have to loose money on it. All they offer is
""Customer compensation plan:
a) Only refund - get a 50% refund and keep the item
b) Free returns and refunds - return the item for a full refund"" 
On both solutions, I won't get what I paid for and they won't have any inconvenience. I'm so done w shein. - i did contact your customer service, that how I got this answer written above. I asked for a danm coupon to actually buy the set I wanted, you gave 10%, embarrassing low."
www.shein.com,"I used to love ordering from here, but now their prices are too HIGH and they ALWAYS seem to leave items out of my order! It's almost IMPOSSIBLE to get a refund because you can't speak to someone over the phone. I'm going to take my business elsewhere because Shein is becoming very ANNOYING!!!"
www.shein.com,I love Shane because what I ordered that is what I will get and did not delay when it comes to shipping one of the best
www.shein.com,SHEIN gave me such great deals and even free money! It was so much fun picking out everything I wanted. They made the whole experience amazing by keeping me updated on my package and making sure they didn’t forget anything.
www.shein.com,"I received an order where multiple items were missing from the parcel. I contacted customer service and provided clear evidence, including a delivery photo showing the size of the package, which could not physically contain all the items listed.

Despite this, I was told all items were packed and advised to “check again,” which is extremely frustrating. This is the second time this has happened with my orders, and it feels like my concerns are not being taken seriously.
I have asked for a proper investigation, including checking parcel weight and packing records, and requested replacements for the missing items, but have not received a satisfactory resolution.

I would advise others to be cautious and to check orders carefully on arrival. Customer service needs to improve how they handle missing item claims and actually review evidence provided.

I have now had to escalate this further due to the lack of resolution."
www.shein.com,"It took a month for Shein to agree refund me for an item that ""got lost"" in customs. Now they say they refunded me, but I have yet to see the refund on my card. Shein is awful in every way! The order that I DID recieve... it states my size on the tag of the item, but is WAY to small, and the fabric is not what they advertise. It is cheap and horrible. I  will never order from this horrible China Based company again!"
www.shein.com,"I made a big order which included 3 packs of 11x14 frames. The same day of delivery I made a return ticket. The frames were thin and flimsy. The frames came from a third party seller from New York and was shipped through Amazon. SHEIN then send me an email with a video of a tiny bag with a black pant saying I cannot be refunded because I sent back the wrong item. I never sent them any small bag or return. The package would go back to the original seller not shein so I’m confused. I then tracked the package of frames I sent back and I was able to see exactly when it left my post office to every city and state it went through including when it was delivered to the seller and when he picked it up in flushing New York April 1,2026 at 10:01 am even though I sent SHEIN all the proof and information I haven’t been refunded my $70 they claimed they sent me a privacy email and to click the link but I still haven’t gotten one and cannot make contact with anyone. They say check spam or trash but it’s a tactic that’s used to deter you because I’ve done all that and no emails are there. Buyer beware. I’ve been with this company from day one and have placed many, many orders. They know the frames have been sent back and in perfect condition because I took and sent pictures before I sent them off. I never even opened the original packaging of the frames. I’m out of my money and I don’t have frames. They know that they owe me but refuse to refund. Be careful of this scamming company. If I was such a loyal customer and they did this to me, they’ll do this to anyone. It’s impossible to get in touch with anyone for help and they only contact you when you leave a review warning others of their wrongdoing. REFUND MY MONEY SHEIN AND DO THE HONORABLE THING. Treat the people who support you right. You did not keep my money, you stole my money. Heed my warning and don’t do business with this dishonest company. They need to start making a zero review button cause it killed me to even give you 1 star. Check my order status with you and see what a great customer you’ve lost. Do yourself a favor and do business elsewhere. You don’t want the massive migraine I got from doing their job and finding out exactly where the frames were returned to. Seller has his frames,SHEIN has my money. Everybody wins but me."
www.shein.com,I ordered 4 tops.  One never came.  Three were wrong tops.  I contacted them and they just kept saying they didn't know what I was talking about.  SCAM!!!!  What a waste of money.  Do not be scammed by this foreign company that can't even understand English well enough to understand what the problem was.  I will never order from them again.  UPDATE:  they just replied to Trustpilot with some reply acting like they care!  I did all they said in their reply many times and got the same result!  SCAMMERS!
www.shein.com,"I sended back two items which was 33€,but i never received a refund more than a month ago. I tried to make a contact with the costumer service,but i got the same answer again and again-""my refund was succesful"". I asked them to provide more information about that(account number where they sended the money back,when etc) but they was unable to do,and sended only a ""refund proof"" without any usable information. I had a several emails with them. Now no items,no refund. Im not recommend to order from here,because it seems its impossible to get back your money and costumer service couldnt give any useful help. They dont care to find a solution at all!"
www.shein.com,"Shein sells ""golden grain coffee collective"" products. Golden grain coffee collective sells astaxanthan, twelve milligram soft gels that are fake. Astaxanthin is a deep red color when light shines through the capsule, but these soft gels are light gray. Definitely fake."
www.shein.com,"If you need to return something never you receave your money completely back.Always they find something to not refund you correct.3 times I have burn it with this site.If you are sur of what you order ok but if you need to return something it's start the problems.Always I pay for thing that I have not keeped.


After this avis they contact me and maked the correction.Happy for that but sad that we must arrive to do the thinks like this to have a positive answer for them."
www.shein.com,"I placed an order with SHEIN that I never received. The delivery confirmation states that the parcel was delivered, however the name listed is someone I completely do not know and the signature is not mine.
Despite clearly explaining this situation, SHEIN refuses to refund my money, simply claiming that the parcel was “delivered”. How can a delivery be considered valid when the name and signature do not belong to the customer?
Their customer support is extremely frustrating. They take around 24 hours to reply to each message, making the whole process incredibly slow. I have been trying to resolve this issue for more than 3 weeks.
During this time they asked me for multiple documents, and I sent everything requested. However, they later closed my ticket, claiming it had been merged with another ticket that had nothing to do with this case. Now they are asking again for the same documents I already provided, which shows a complete lack of organisation and respect for the customer.
It is unacceptable that a company of this size refuses to take responsibility when a parcel is clearly delivered to the wrong person. It feels like customers are left completely unprotected when something goes wrong.
Extremely disappointing experience."
www.shein.com,"I Like Shein, good clothes, at good price and I told my Family in Europe and NOW they order from Shein European and I order Shein America 😁Lisa Owens"
www.shein.com,"I ordered items and it was delivered to the neighboor accdg to the notification but thiers no specific address which neighbor they delivered until now i didn’t receive anything.
I keep on sending tracking in the site to help me out but no ACTIONS OR ANSWERS FROM THE COMPANY.
I already use my emal,mobile number and all yet nothing happen.
It was not good services."
www.shein.com,"I purchased several orders worth more than $300. When I tried to return five items from two separate orders, I was informed that there would be a return cost equal to the value of the five items themselves, which was about 244 DKK, meaning I would receive a refund of zero.

After that, I opened a ticket and contacted customer service. After a long discussion, I was told that I could return the items and that I would be provided with a free return label. I also received an apology from your team.

Based on this confirmation, I returned the five items. However, after you received the items, I was informed that I would not receive any refund.

I clearly explained that there are only two possible solutions: either you return the five items that I already paid for, or you refund me the amount of 244 DKK. Despite this, my request was still rejected. You have taken both the items and the money, and no proper solution has been provided.

I have been a loyal customer for years, and both I and my family have purchased from your platform regularly and in large amounts. This situation is completely unacceptable.

This issue must be handled immediately. You must either refund me 244 DKK or return the five items to me. It is not acceptable to keep both the items and the money I paid for them."
www.shein.com,"I recently shopped on Shein and had a surprisingly good experience. The website is easy to navigate, and I found a wide range of trendy clothes at very affordable prices. I was able to pick out a few outfits without spending too much, which is a big plus.
Shipping took a bit of time, but my order arrived within the estimated delivery period."
www.shein.com,"I write this in english so other nationalities can understand.
Loyal customers are theated with disgrace. I have bought alot on this site!
BUT! The one time i sent items for a refund, the way the customer service treats you, is a discrace. 
1. I had to pay for the refund my self
2. It takes weeks before it is registered
3. When trying to upload receipts to confirm returned shipment it doesen`t work
4. When finally getting throug customer service, they can not help you out. And thay can´t find your receipt and you go nowhere with them.

I am still waiting for my refund despite shipped the items for over a month ago, and I doubt I will ever get it... 

I will wait for my refund if I ever will get it.... and than Ill delete my account. Loyal customers does not means a shit to them, and avent tretead as such."
www.shein.com,"This is absolutely rubbish, worst and useless. This is a fraud brand. Even after taking payment and receiving returned products, they do not give refunds. There is no proper staff or response—only computerized messages and emails again and again saying that the refund will be processed within 24 hours.

They have built this brand by taking customers’ money. It would have been better if they begged instead. If I do not get my refund, I will continue posting such emails and online reviews. This is a cheating company."
www.shein.com,"My order placed on 25 February was never delivered, and after months of contacting Shein (over 10 times), I have received no response and no resolution. The courier, Evri, provided “proof of delivery” that does not show my parcel at all—only a distant image of multiple parcels with no visible labels. This is not valid proof. My building manager is visible in that photo and has since reviewed CCTV footage, confirming clearly that my parcel was never delivered to the building. I have provided her confirmation to Shein as well as Evri.

Evri also confirmed that the issue was being transferred to Shein and that Shein would be in contact. This was over a month ago. Despite this, and despite me reaching out to Shein multiple times since then, I have still received no contact whatsoever. This evidence has been provided to Shein multiple times. Despite this, my case has been ignored and not properly investigated.

As the retailer, Shein is responsible for ensuring that orders are delivered to customers. Passing responsibility onto the courier does not remove your legal obligation. I paid for goods that I never received, and I am now out of pocket for an order that was not delivered.

The fact that this has been ongoing since February, with no resolution, demonstrates a complete lack of accountability and unacceptable customer service. If this is not resolved, I will be pursuing a chargeback through my bank and escalating the matter further."
www.shein.com,Shein is a terrible company. They make it impossible to contact them. In our case they printed the wrong postcode on a parcel. Evri won't change it and Shein can't be contacted except through a Chatbot designed by an idiot. No delivery and can't get a refund.
www.shein.com,Sick to death of trying to stop Shein from contacting me. I DO NOT WANT TO BUY ANYTHING FROM THEM. I’VE REPORTED THEM TIME & AGAIN BUT STILL GETTING UNSOLICITED ADVERTS FROM THEM. Wish there was a minus for the stars!
www.shein.com,"Have just recieved a damaged shower head where the package has been broken or hit.

When I contact costumer service they just want to return 10% of the original price.

Then I have a broken item I can’t use and spent money on nothing.

SHEIN don’t want to be responsible for the return/refound policy.."
www.shein.com,Shein said the item got delivered and attached proof of delivery which is a different property to mines. I submitted proof of the cctv camera which shows clearly the time which they said the item was delivered. The door colour is different and the door mat as well. It’s taken them over 2 weeks to get to a solution and still not resolved. Sheins customer care is terrible and very incompetent.
www.shein.com,We ordered something on their website and the website said that it was 20 x 40 Tent and then they sent the incorrect tent  and decided that they didn’t want to return it or replace the tent  that was actually bought! I very highly recommend not purchasing from them and I very highly recommend going to a better company as an Amazon higher quality and they stand behind their product and they don’t argue with you when you try to return the incorrect item that they sent. You need to protect your privacy. You need to quit being such a terrible company and do your job. You’re such a terrible company. Horrible. I would not recommend you guys at all like at all zero do not buy from this crappy website. They said contact customer service you’re a joke. Did you not read any of this are you that incompetent just like the company.
www.shein.com,SHEIN gave me such great deals and even free money! It was so much fun picking out everything I wanted. They made the whole experience amazing by keeping me updated on my package and making sure they didn’t forget anything.
www.shein.com,"The product quality is excellent, and I find everything I need. Thank you!"
www.shein.com,I like how there lots of stuff on Their but the prices are going up and I ordered a bin for my room and I came broken and it was tiny!..and even some of the photos don’t even look like the actual thing and say the price is £2.00 and then I added something else and the piece goes up form £2.00 it’s terrible!..
www.shein.com,"They said package was delivered but I have not received it. Carrier (Fedex) sent photo of package on porch of someone else’s  house.
No human interaction with Shein, chat takes you down a rabbit hole with no end.
Update:
After placing a bad review on Trustpilot,a complaint with the BBB and submitting a disputed charge claim with my CC provider, a received a refund from Shein. buyer beware."
www.shein.com,You people have just put my checking account in the red you have been told not to take any money out of my checking account. Now I'm going to turn this matter over to my attorney if my money is not put back right away.
www.shein.com,"I placed my first order in March, 5 of the items were too big so I returned them on March 31, 2026.  It is now April 9, 2026 and I have not received my refund yet.  I talked to someone named Jaden at Shein on 4/8/26 and was told they did not have my return.  According to the tracking number on the receipt from the post office they received my return on 4/2/26 at11:38.A.M  in Miami, Fl  33122.  I will never buy anything from Shein again,"
www.shein.com,Massive range of selection but the only thing I didn’t like was the pop ups of points I have ordered a box for my darts to organise them and hope to collect them at the local news agent
www.shein.com,"Before placing an order, the delivery date shows April 13–15. After ordering, it was delayed to April 21 or even later. I canceled my order. I do not recommend Shein; they are just messing around."
www.shein.com,"I ordered £43 worth of items from this company, and they marked it as “received” when nothing arrived!  They did issue me with a refund, although the refund was a few pounds short of what I paid. 
I will never order from them and I will be deleting their app.
My Ring camera has no record of anything being delivered from SHEIN
Don’t take the risk"
www.shein.com,"Shein sells ""golden grain coffee collective"" products. Golden grain coffee collective sells astaxanthan, twelve milligram soft gels that are fake. Astaxanthin is a deep red color when light shines through the capsule, but these soft gels are light gray. Definitely fake."
www.shein.com,"If you need to return something never you receave your money completely back.Always they find something to not refund you correct.3 times I have burn it with this site.If you are sur of what you order ok but if you need to return something it's start the problems.Always I pay for thing that I have not keeped.


After this avis they contact me and maked the correction.Happy for that but sad that we must arrive to do the thinks like this to have a positive answer for them."
www.shein.com,"I returned an item to SHEIN and this situation has been going on for over one and a half months with no resolution.

My return package was delivered on February 24th, and I have full proof including tracking and shipping receipt.

Even more importantly, other items from the exact same return package have already been refunded. This clearly proves that the package was received and processed in SHEIN’s warehouse.

However, one item (a wig, Order ID: GSO15B122004EGK) has not been refunded.

I have contacted customer service multiple times since the end of February, but I am only receiving the same automated response over and over again, stating that the package has “not arrived at the warehouse”.

This is clearly incorrect and contradicts SHEIN’s own system, which shows:
– return received in warehouse
– quality inspection completed

Despite providing all necessary proof multiple times:
– tracking (delivered)
– shipping receipt
– screenshots of their own system

the support team has not helped at all and continues to send the same standard replies.

After more than 1.5 months, this is completely unacceptable.

I expect SHEIN to take responsibility, properly investigate this issue, and finally process the missing refund.

Thank you for finally taking my concern seriously and resolving the issue. I have now received my refund and everything has been settled. I appreciate that this was handled in the end, although it took quite a long time."
www.shein.com,"I ordered from shein, it said thay it was delivered in my community mailbox, I checked 3 times just to make sure but I couldn't find it, I thought there was something wrong with the delivery service, but I'm not sure yet. Shein please respond to this and thank you."
www.shein.com,"I recently shopped on Shein and had a surprisingly good experience. The website is easy to navigate, and I found a wide range of trendy clothes at very affordable prices. I was able to pick out a few outfits without spending too much, which is a big plus.
Shipping took a bit of time, but my order arrived within the estimated delivery period."
www.shein.com,"Bought two simulated hand, neck massagers.  One works fine but the other stopped charging within a month.  I have e-mailed over 10 times and they keep giving me excuses and hoops to jump through and never agreeing to accept a return and for me to get a replacement.
     Gave them proof of purchase three times and a picture of the problem and still that is not enough.
     DO NOT BUY FROM THIS COMPANY  SHEIN DOES NOT BELEIVE IN GOOD CUSTOMER SERVICE!!!!!"
www.shein.com,"I pay immediately. I get a fake shipping number and it showed as delivered but they cant provide a picture to show where it was left. And because you show it was delivered I cant get a refund. But when you take the fake shipping number and put it into the usps website it says invalid. No proof of delivery photo. So to summarize, I paid for a fake shipping label. No way for the company to refund me or resend the item. I dont even want the money back. I want the items that I ordered not even a refund. Although I should get the item and a refund. I have contacted the company many many.many times and I just get an automated email back and never get a response back. I got ghosted by a huge company. And I have proof that they sent me fake tracking info. See the pic."
www.shein.com,"I place a order and was told it was delivered. The day the say it was delivered, I was home all day & have dogs so I know when something is delivered. I didn’t get anything on that day, have looked around the property and nothing was there, no neighbors accepted any package for me, they scam company they use to deliver, marked it as delivered so they won’t refund me, even though it’s not that much money, I was going to order an Item over 50.00, but I won’t order from them again as I will not pay for items that are not delivered. Unfortunately they think this is a way to make money, but it’s the start of the downfall of their company as I will let everyone know not to purchase from them, & word is starting to get out because pissed off consumer has said complaints about this company have increased in the last month. Bye Bye Shein."
www.shein.com,"I called them to solve the below problem

I made 1x order, it came to me in 3x parcels. Now I want to return 3 of the 5 items in the whole order and these 3 items are in 2 parcels. I only can generate 1x free return label and that's why I called the customer service to give me a 2nd one for the 2nd return parcel. I cant put the 3 items in one parcel. Shein has decided to split into 3 parcels, not me! 

The Customer Service just don't understand the issue and kept telling me to read the return policy, which I consent. She kept telling me there's a return label fee, if I create a 2nd return. But it's not a 2nd return. It's still 1 order, 1 return request, but 2 parcels! I'm not going to buy 1 big box to put all the return items. This is ridiculous and the customer service is sh*t. Ze denken niet mee!!"
www.shein.com,"My package was stolen and they refused to do anything about it after I contacted them and investigated. Once it's ""delivered"" it's ""delivered."" Terrible service. Lost my money. Not cool. Never buying from them again. I hope that person is enjoying those pants I guess... I made someone happy at least. :("
www.shein.com,"I ordered two things from Shein over a month ago. The first item was sent to the wrong address, which was refunded to me. The second item is where my troubles lie. It was marked as delivered but never showed up to my house. Then when I checked the tracking, thr item was on it's way back to it's original state. I've been going back and forth with customer service bots for over a month now and whenever I check the refund status of my item, it's been saying that my refund has been in process since the middle of March. It's April now and I've received nothing; no refund on my second item, none of the items I ordered and no helpful communion from customer service. In fact, I'm not even getting the opportunity to chat with a live person on Shein so they probably blocked my account, which is utterly ridiculous. Why should I have to have my money oen money held hostage from me like this? Shein is a scam. I'll never buy from them again."
www.shein.com,"If I could give it 0 stars I would. I dropped over $500 on clothes for my family. Ive had an experience in the past where the autofill feature on my phone changed the address to an old address so I triple checked that ALL of the details were right. So imagine my surprise when my order had the name and address changed to something completely different, without my knowledge AFTER the order was submitted and they took my money. Since this order has shipped they are refusing to help at all or issue a refund, so I'm out over $500 and I'm never going to get any of the products I purchased. I've spoken to four different customer service reps with no help at all other than "" so sorry, we can't help you"" messages.  This place is a giant scam."
www.shein.com,"While prices are great, it's next to impossible to reach customer service, and their return policy is a complete sham. I ordered 3 dresses. Two were fantastic and one didnt fit well or suit me, so I put in for a refund and returned it. Per their return policy, it was new, unworn, unwashed and still had the tags on it. The refund was denied. All the info they provided stated it did not meet their return policy guidelines. Absolute BS. After many many emails, I was finally advised the dress was returned with a hair on it. And? Might not have been my hair, or could have happened when I tried it on, but that doesnt mean it was worn. They were just looking for any reason to deny the refund sadly. Last time I shopped with them."
www.shein.com,SHEIN gave me such great deals and even free money! It was so much fun picking out everything I wanted. They made the whole experience amazing by keeping me updated on my package and making sure they didn’t forget anything.
www.shein.com,"I never recieved my parcel and dealing with their customer service was the most frustrating experience.  They kept sending me the same generic,  patronising message over and over.  Never once addressed my concerns or questions, or apologised. They didn't refund or replace my order so I lost $120 but honestly I'm grateful as I dodged a bullet. The company is in the news for being investigated. Their garments contain high levels of formaldehyde that doesn't come out in the wash.  It's so toxic to wear and breath in all day. Everybody should return all items for full refunds and probably seek compensation."
www.shein.com,"I like the style, but the fabric feels a bit cheap compared to the photos online"
www.shein.com,"Don't buy anything from his company. Even if the quality of the items would be good, then they simply refuse to send it because they demand bank transaction verification. I tried doing it thrice, were I censored my sensitive info such as bank account number and credit card number yet it is STILL NOT GOOD ENOUGH. This company wants your sensitive info in exchange for subpar products, and they will waste your time if you refuse to. Go buy from somewhere else, anywhere else"
www.shein.com,"I had an order marked as delivered on April 05, 2026  that I never received I immediately contacted Shein and the carrier. I have been blocked from speaking to a live agent,Shein said my issue was solved even though the proof of delivery picture clearly shows a different building number(8314) from my address. The delivery company even said they contacted SHEIN to let them know that the order is refundable. Shein doesn’t like to return people’s money for mistakes on their end, this is the second time with this specific delivery company chosen by Shein where I didn’t receive my package and it was delivered to the wrong address."
www.shein.com,"I've returned two parcels to shein 
Have the return reference and states they have arrived 
This is since the 8th February as yet no refund and keep fobbing me off"
